Workbook

Sheet Final lineup table
A1: Artist Name | B1: Time and place | C1: Description | D1: Genre
A2: &FRIENDS | B2: HIDEOUT STAGE - Thu 02:00-04:00 | C2: From San Diego dreams to Dubai nights, &friends turns global culture into pure dance floor magic. When Black Coffee and Diplo support your sound and Sofi Tukker wants your remixes, you know it's more than just music - it's movement. This worldwide party starter caught Coachella's ear and got 20 million streams by bringing cultures together on the dance floor. No passport needed. | D2: Global Bass / House / World
A3: ¥ØU$UK€ ¥UK1MAT$U | B3: BOOHA STAGE - Wed 00:00-02:00 | C3: This is where the vampires will headbang. After fighting brain cancer, Yousuke Yukimatsu reinvented himself as Japan's most fearless genre-bender. Shirtless and drenched in sweat, his sets are raw, emotional, and unpredictable—mixing gabber, trap, techno, and soul into sonic chaos that feels like life itself. This is more than a show; it's a testament to resilience. 🇯🇵 | D3: #N/A
A4: 30 CENTURY MAN | B4: BACKYARD STAGE - Fri 21:15-22:15 | C4: The enigmatic producer crafting tomorrow's sound today. 30 CENTURY MAN operates in the space between experimental and dancefloor-ready, creating futuristic compositions that feel both alien and familiar. His rare live appearances are events in themselves. | D4: #N/A
A5: ABASC | B5: PING PONG STAGE - Wed 22:30-00:00 | C5: Local talent ready to deliver underground electronic energy. Get ready for hypnotic beats and driving rhythms. | D5: #N/A
A6: AFTERMATH | B6: HIDEOUT STAGE - Sun 20:00-21:30 | C6: Rooted in Romania's rich musical heritage, AFTERMATH channels Afro house's fresh energy. Born to move souls and fill dancefloors, they've opened for Shimza, Jamiie, and Awen—sharing stages and making crowds lose themselves to the rhythm. | D6: Afro House
A7: AKOS | B7: HIDEOUT STAGE - Fri 20:00-22:00 | C7: Akos fell in love with electronic sounds in 2005. He views music as energy, love, and inspiration. His style focuses on deep house, house, and techno—moving crowds with soulful, driving grooves. | D7: Deep House / House / Techno
A8: ALDARIS | B8: THE BEACH STAGE - Thu 18:00-20:00 | C8: Legend says he's still searching for the perfect groove—record by record, wax story by wax story. Wherever his journey ends, Aldaris has plenty of vinyl adventures to share. Join him. | D8: Vinyl Explorer / Deep Grooves
A9: ALEX SUPER BEATS | B9: MAIN STAGE - Sun 22:30-00:00 | C9: From Cluj-Napoca to the world, Alex Super Beats (formerly DJ Shiver) has been a driving force in Romania's electronic music scene. With a career spanning over a decade, he's shared stages with global icons and launched his own imprint to push boundaries in electronic music. Expect nothing less than an electrifying journey when he takes over the Castle stage. 🔥 | D9: #N/A
A10: ALI | B10: BACKYARD STAGE - Sat 00:05-01:05 | C10: Ever heard Arabic lyrics over Indonesian funk? Ali's cooking up something wild in Jakarta - '70s rock riffs meet Middle Eastern soul, all wrapped in Southeast Asian groove. Three guys turning centuries of cultural fusion into fresh dance floor heat. | D10: Indonesian Funk / Arabic Rock
A11: ÂME | B11: BOOHA STAGE - Thu 02:00-05:00 | C11: This is electronic music's front line. 20 years ago, Âme decided club music needed more soul and started pushing the boundaries ever since. Today, whether it's Frank's live playing or Kristian's surgical mixing, Âme don't just read dancefloors - they redesign them. Get ready for a legendary performance⚡️ | D11: #N/A
A12: ANAÏS B2B HOAX + PVC | B12: HANGAR STAGE - Sat 03:00-04:00 | C12: Fresh out the gate in Bristol, Anaïs already has Glastonbury, Boomtown, and Rampage eating from her palm. Her secret weapon? Raw jungle energy meets surgical precision behind the decks. Catch her before she outgrows those underground bunkers for festival main stages. // When Hoax drops a tune, even the underground veterans stop and listen. Piano skills meet bass addiction in this Bristol lab rat's productions. Pure dance floor science. | D12: #N/A
A13: ANDI MOISESCU | B13: PING PONG STAGE - Fri 22:30-00:00 | C13: Description not available | D13: #N/A
A14: ANDI MOISESCU | B14: PING PONG STAGE - Fri 22:30-00:00 | C14: From TV screens to festival stages, Romania's beloved entertainer brings his charismatic energy to the decks. ANDI MOISESCU traded hosting duties for house music, proving that good vibes translate across all mediums. When one of Romania's most recognizable faces gets behind the decks, magic happens. | D14: #N/A
A15: ANDRA ANDRIUCĂ | B15: BACKYARD STAGE - Sun 15:00-16:00 | C15: From Iași to Electric Castle, Andra Andriucă writes songs that feel like heart-to-hearts with your best friend. Backed by her band, she blends indie vibes with pop-rock energy for tracks that hit you right in the feels. Honest music for messy lives—don't miss her set! 🎸 | D15: Pop / Folk
A16: ANFISA LETYAGO | B16: BOOHA STAGE - Fri 02:30-04:30 | C16: Anfisa Letyago's journey is as extraordinary as her sets. With Carl Cox as a fan, her hypnotic techno commands your attention without begging for it. When she's in the booth, you can't help but just surrender to the groove. ⚡️ | D16: Techno
A17: ARAPU | B17: STABLES STAGE - Sat 07:30-11:00 | C17: Arapu, a certified treasure in Bucharest's underground, has produced records since 2011 and brings seductive playfulness to his straightforward, bass-driven sets. His discography blends drones, field recordings, and bass rumble, amplifying good mood across clubs and releases on his Liniar label. | D17: House / Techno / Experimental
A18: ARTEMAS | B18: MAIN STAGE - Fri 19:30-20:30 | C18: Oxford's finest sad boy with a knack for turning emotions into bangers. The guy who makes heartbreak sound cool, blending alternative pop, dark wave, and R&B. With Gold and Platinum hits like "If U Think I'm Pretty" and "I Like the Way You Kiss Me," Artemas crafts moody soundscapes that hit you right in the feels. | D18: Alt-Pop / Dark-Pop
A19: Artist Name | B19: Stage & Time | C19: Artist Description | D19: #N/A
A20: Artist Name | B20: Stage & Time | C20: Artist Description | D20: #N/A
A21: ATTIC | B21: THE BEACH STAGE - Thu 15:00-16:00 | C21: Say you don’t know much about | D21: #N/A
A22: ATTIC | B22: THE BEACH STAGE - Thu 15:00-16:00 | C22: Local selector digging deep for the perfect groove. Expect house, disco, and electronic gems that move the soul. | D22: #N/A
A23: BAD NERVES | B23: HANGAR STAGE - Thu 19:40-20:40 | C23: Essex boys making punk rock dangerous again. Think Ramones-meet-Buzzcocks in a 21st century speed blender. Bad Nerves pack more hooks in two minutes than most bands manage in a whole album. Bad Nerves are what happens when punk's original fire meets modern production. Come lose your voice screaming along. ⚡️ | D23: Garage Punk / Power Pop
A24: BAKAYAN | B24: HIDEOUT STAGE - Sat 22:00-00:00 | C24: Guitar kid turned electronic wizard, Bákayan brings something different to Berlin's scene. Mixing his Southeast Asian roots with raw emotion, he makes dance music that hits differently. Part melody, part feeling, pure dance floor magic. | D24: #N/A
A25: BENJA | B25: HIDEOUT STAGE - Thu 04:00-06:00 | C25: The producer who turns tango into techno. Benja's tracks are like sonic postcards from a future where South America rules the dancefloor. Expect swirling synths, tribal rhythms, and enough emotion to make even the toughest ravers shed a tear. Don't forget your passport. ✈️ | D25: Electronic
A26: BENZ | B26: HIDEOUT STAGE - Fri 16:00-18:00 | C26: Benz is a Tunisian DJ drawing from African and Arab heritage—rich rhythms and percussions transformed into energetic, soulful afrohouse sets that bridge past and present, creating immersive dancefloor experiences. | D26: Afrohouse
A27: BIANCA OANCE | B27: THE BEACH STAGE - Sat 18:00-20:00 | C27: Romanian artist bringing fresh electronic energy. Expect house, pop, and dance sounds that connect with the crowd. | D27: #N/A
A28: BICEP | B28: HANGAR STAGE - Sun 23:45-01:15 | C28: From Belfast bedroom DJs to electronic music royalty, Bicep flex hard. Masters of turning dance music into pure emotion, they've got a black belt in making crowds lose their minds. Get ready to feel something real 💪 | D28: #N/A
A29: BILA | B29: STABLES STAGE - Sat 23:00-01:00 | C29: A discreet presence in electronic music, Bilǎ brings a well-balanced technical mixing approach. His productions are a nexus of classic and new sounds, creating refined, danceable experiences. | D29: #N/A
A30: BLANILLA B2B MISSILE | B30: THE BEACH STAGE - Sat 02:00-04:00 | C30: Titus Carole, the "electronica droid," has traversed genres since 2004. With versatile mixing skills and an eclectic sound selection—ranging from 4/4 beats to broken beats—he crafts good mood music that swings between mellow grooves and high-energy DJ sets. | D30: #N/A
A31: BOEBECK | B31: BACKYARD STAGE - Sat 17:30-18:20 | C31: Boebeck is a female-led new wave indie band from Hungary that's been turning heads across Europe. Their upcoming EP, Evil Under the Sun (2025), promises more of their signature blend of dreamy rock harmonies and poetic lyricism. Whether you're a fan of indie nostalgia or cutting-edge sounds, Boebeck is here to steal your heart at Electric Castle. 🌟 | D31: Indie Pop
A32: BOGDAN MALAELE | B32: PING PONG STAGE - Sat 16:00-17:00 | C32: Comedian, gamer, father, lover—and in his own words, the best DJ in the EU—Bogdan Malaele brings humor and heartfelt vibes to every performance. | D32: Comedy / DJ
A33: BON ENTENDEUR | B33: BOOHA STAGE - Sat 00:30-02:30 | C33: Two music obsessives dropping vintage voice samples over fresh beats, turning 70s gems into modern dance floor gold. 70 million streams can't be wrong. Merging classic French voices with cutting-edge production, this duo takes packed halls on a journey between decades. | D33: French Samples / Nu-Disco
A34: BOSQUITO | B34: MAIN STAGE - Sat 19:30-20:30 | C34: 25 years of turning Romanian rock into pure fire. From gypsy punk to symphonic ballads, Bosquito blend Balkan spirit with rock'n'roll heart. This anniversary show? Pure history in the making 🔥 | D34: Rock / Balkan / Gypsy Punk
A35: BRÓDY & DR.PANDA | B35: THE BEACH STAGE - Fri 01:30-03:30 | C35: Romanian duo bringing genre-blending electronic sounds. Expect house, techno, and experimental beats that surprise and delight. | D35: #N/A
A36: BRUTALISMUS 3000 | B36: HANGAR STAGE - Sat 23:30-00:30 | C36: Berlin's noisiest love story - where gabber meets punk, hardstyle meets industrial, and chaos meets genius. The soundtrack to a dystopian warehouse rave you never want to leave. He builds sonic weapons, she screams in multiple languages. Together, they're reinventing rave culture for a generation that needs it more than ever. ⚡️ | D36: Hardcore / Techno
A37: BULLY | B37: THE BEACH STAGE - Fri 03:30-05:30 | C37: Since 2000, Bully has curated genre-blending journeys—from funk grooves and house to obscure hip-hop and world music. Having played virtually every major venue in Romania and shared stages with legends like Qbert and Freestylers, his vinyl and tape collecting fuels masterful, storytelling sets that celebrate rhythm and melody. | D37: Big Beat / Breakbeat / Hip-Hop / World Music
A38: CALINACHO | B38: HANGAR STAGE - Thu 01:00-01:30 | C38: Calinacho is redefining Romanian trap with his genre-blending sound and heartfelt lyrics. With tracks like "Seara Mea" and "Lipsa Ta" from his acclaimed album Ai Grijă, he's established himself as a leading voice in Romanian R&B. Whether collaborating with big names or dropping solo hits, Calinacho brings authenticity to every performance. At Electric Castle, expect an intimate yet electrifying set from this rising star. | D38: Pop / Trap
A39: CALLY | B39: STABLES STAGE - Sun 14:00-17:00 | C39: Hailing from Craiova, Romania, caLLy (real name Dragos Gabriel Dumitru) is a forward-thinking DJ and producer whose refined sound has earned him a respected place in the global underground scene. Known for his deep, hypnotic grooves and precise minimal aesthetic, caLLy brings a unique identity to both his productions and DJ sets. His music has been released on labels such as only300, Fear of Flying, Brouqade, Rora, Fizical, Neostrictly, Soulsity, Inwave, and The Rabbit Hole. Featured on influential compilations like Cocoon Green & Blue (mixed by Tobi Neumann) and Cocoon Heroes (mixed by Adam Beyer & Dorian Paic), caLLy continues to evolve, delivering timeless sets and productions that resonate deeply on the dancefloor. | D39: Minimal / Techno
A40: CALYX | B40: BOOHA STAGE - Sun 19:00-20:00 (Hosted by GQ) | C40: Half of the legendary Calyx & TeeBee duo, Calyx brings decades of technical precision to the decks. His solo sets showcase the darker, more technical side of drum & bass—surgical beats that hit harder than a freight train. | D40: Drum & Bass
A41: CAMI LAYÉ OKÚN | B41: THE BEACH STAGE - Fri 22:00-00:00 | C41: Cami Layé Okún unlocks Cuban disco secrets and drops Amazonian funk bombs. Her vinyl bag's loaded with tropical treasures most DJs can't even name. This is how party music should feel. | D41: Tropical Disco / Funk / Afro-Latin
A42: CAP | B42: STABLES STAGE - Thu 01:00-04:00 | C42: Cap has made a name worldwide for surgical-smooth mixing, spot-on selection, and tireless dedication. His residencies at Club Guesthouse, Sunwaves Festival, and Resolute anchor his reputation as a tastemaker. Cap's tastefully reduced grooves, progressive narratives, and technical mixing reveal a DJ in tune with today's electronic music world, crafting explorations that ignite dance floors. | D42: Minimal / Techno / Electro / Deep House
A43: CARI CARI | B43: BACKYARD STAGE - Sat 20:30-21:30 | C43: Austria's desert rock duo bringing psychedelic storms to Electric Castle. The band that turns Austrian forests into American deserts. Cari Cari's music is a roadtrip through the wildest corners of your mind, fueled by distortion and wanderlust. Prepare for a set that'll make you question reality... and maybe buy a motorcycle. 🏍️ | D43: Indie Rock / Blues
A44: CASABLANCA DRIVERS | B44: BACKYARD STAGE - Sat 22:15-23:15 | C44: French indie duo from Corsica bringing garage rock meets dirty bouncy pop to the Castle. Nicolas Paoletti and Alexandre Diani have been evolving their sound since 2012, and their Paris-honed energy is about to electrify Transylvania. From Mediterranean shores to Romanian grounds. | D44: #N/A
A45: CC:DISCO! | B45: BOOHA STAGE - Sun 23:00-00:30 | C45: The DJ who proves that disco never died, it just moved Down Under. CC:DISCO!'s selections are like a masterclass in feel-good music, from rare groove gems to modern club bangers. Get ready for a set that'll make your parents jealous they missed the 70s at the Castle. 🎶 | D45: Disco / House
A46: CHARLIE B2B MIHIGH | B46: STABLES STAGE - Sun 05:00-08:00 | C46: Charlie is a deep selector whose studio work complements his DJing, offering unique moments reflective of himself. With a trove of unreleased works, his complex, peculiar sound always keeps groove at the forefront, making him a secret weapon at festivals and events across Europe. // Mihigh defines his sound through a uniquely evolving storytelling style. Drawing from profound minimal and techno influences, he combines new and old to craft obscure, hypnotic grooves. Founder of Midi Records Romania, he champions quality over quantity. | D46: #N/A
A47: CHIRTY | B47: THE BEACH STAGE - Sat 14:00-16:00 | C47: Romanian selector now in Rotterdam's scene, Chirty weaves bass, footwork, garage, and hybrid grooves. She's played Poing, Perron, Weelde, Sexyland, Mysteryland, and Oranjebitter—and is expanding into Romania, Switzerland, and the UK. | D47: Bass / Footwork / Garage
A48: CHRISTIAN AB | B48: STABLES STAGE - Sun 23:00-02:00 | C48: Part of Berlin's vinyl-loving community, Christian AB's selections do the talking. With a passion for unearthing forgotten gems within electronic music and beyond, his distinctive sound breaks down club music barriers, delighting audiences with unexpected twists and turns and bringing a playful energy that cements his reputation as a must-see DJ. | D48: Vinyl / Electronic / Eclectic
A49: CHRISTIAN THOMSON | B49: PING PONG STAGE - Sat 20:15-21:15 | C49: Local talent delivering carefully curated electronic sounds. Expect house and techno mixed with technical precision. | D49: #N/A
A50: CHRISTINE RENÉE | B50: THE BEACH STAGE - Thu 03:00-05:00 | C50: Berlin's techno enchantress bringing dark magic to Transylvania. Christine Renée's sets are a masterclass in hypnotic grooves, blending minimal techno with acid-tinged warehouse vibes. She's already conquered Berghain - now it's time to show Electric Castle why she's Germany's best-kept secret. 🖤 | D50: House / Soulful
A51: CIREȘAN | B51: BACKYARD STAGE - Fri 18:00-19:00 | C51: Funky beats? Check. Retro 80s vibes? Check. Cireșan knows how to get a crowd moving with his blend of synth-pop and classic rock grooves. If you're into Daft Punk or RHCP, this set is gonna be your jam. All about good vibes and killer hooks. Bring your dancing shoes! 🎤 | D51: Pop / Folk
A52: CLARAA | B52: HIDEOUT STAGE - Fri 22:00-23:30 (Moblack records takeover) | C52: When CLARAA steps up, genres blur beautifully. Think afro-house grooves dancing with melodic techno peaks, served with Parisian flair and Barcelona spirit. Her sets work magic in both underground bunkers and beachfront superclubs. | D52: Afro-House / Melodic Techno
A53: COOL CATS | B53: BOOHA STAGE - Thu 15:00-16:30 | C53: Navigating seamlessly from House to Disco and back to Techno, Andruw & Vlint.on emerge as two up-and-coming DJs from Romania's vibrant underground scene. Their dance-centric energy and sets draw inspiration from indie dance, italo disco, dark disco, progressive, trance, EBM, and house—evoking the spirit of the 70s, 80s, and 90s. | D53: House / Disco / Techno
A54: CORVIN & BUNIKU | B54: HIDEOUT STAGE - Thu 22:00-00:00 | C54: Corvin & BUNIKU are a Romanian duo whose style eludes definition—an eclectic roller coaster through contrasting genres and unlikely mix-matches, with a definitely humorous edge. | D54: Eclectic / DJ Duo
A55: CUC | B55: THE BEACH STAGE - Fri 14:00-16:00 | C55: CUC carves sound from wax. Deep house, ambient textures, jazz-infused grooves—always vinyl, always warm. When he's not playing festivals, you'll find him at the record café in Cluj that shares the name (@cuc.space), where the crackle of vinyl blends with the hum of conversation. | D55: Deep House
A56: CULTATUM | B56: BOOHA STAGE - Thu 16:30-18:00 | C56: Former DJ and current graphic designer, cultatum returns to music with renewed passion. Known for melodic storytelling and groovy basslines, his sets take the crowd on a rhythmic, uplifting journey—sharing energy he's held back for far too long. | D56: Melodic House
A57: CULTURE SHOCK | B57: BOOHA STAGE - Sat 19:45-21:00 | C57: Culture Shock Drum & Bass / Jungle Hospital Records legends bringing two decades of pure liquid vibes and surgical basslines. Culture Shock's anthems have soundtracked countless raves, blending soulful melodies with dancefloor devastation. When they drop, crowds know they're in for something special. | D57: Drum & Bass
A58: D'JHU | B58: THE BEACH STAGE - Sun 16:00-18:00 | C58: Playing since 2008, D'Jhu thrives on genre-blending. Never shows up with a prepared lesson—he adapts in real time to the crowd's vibe, tossing various styles that tickle the ears. | D58: #N/A
A59: DAN ANDREI | B59: STABLES STAGE - Fri 01:00-04:00 | C59: Dan Andrei is an established figure known for deep, raw track selections with a stripped-back aesthetic. His groovy basslines and blissful meanders captivate audiences, while live sets showcase his powerful weaving of tracks into unforgettable experiences. | D59: House / Tech House / Groove
A60: DAR DISKU | B60: THE BEACH STAGE - Sat 22:00-00:00 | C60: Record label, DJ collective, and live project celebrating music from Arabia and beyond. Founded by Mazen Almaskati and Vish M, DAR DISKU ("home of the disco" in Arabic) explores Middle Eastern and Asian sounds blended with contemporary electronic music. From 1970s Egyptian inspiration to modern Castle magic. | D60: Arabic Fusion / Electronic
A61: DEAN KLOOGE | B61: HANGAR STAGE - Thu 15:00-15:55 | C61: Dean Klooge is bringing raw alt-rock energy straight outta Cluj-Napoca. No frills, no fluff—Dean Klooge delivers alternative rock with punk vibes and a lot of heart. Their live shows are loud, chaotic (in the best way), and packed with tracks that'll stick in your head long after the festival ends. Don't miss 'em! 🔥 | D61: Alternative / Indie
A62: DECKSTER | B62: BOOHA STAGE - Sun 17:00-18:00 | C62: From soulful jazz to hardcore breaks and dub to reggae, Deckster's sets showcase the history and culture of bass music—featuring playful DnB rhythms, 140 BPM bass blasts, and everything in between. | D62: Bass Music / DnB / Reggae
A63: DEER JADE | B63: HIDEOUT STAGE - Thu 00:00-02:00 | C63: Ten cities before 22, and now Deer Jade's bringing that wild energy to dance floors worldwide. Her sets feel like a warm hug and a rocket launch at the same time. The critics love her, but it's the smiles in the crowd that tell the real story. | D63: House / Indie Electronica
A64: DEGS | B64: HANGAR STAGE - Wed 23:30-01:15 (REEL PARTY BY BT) | C64: Some MCs rap, others sing - Degs does both with surgical precision. Switching between rapid-fire bars and soulful hooks, he just makes it look effortless. From freestyle heat on Hospital classics to creating summer classics, he's pure fire. | D64: MC / Rap / Vocals
A65: DEGS | B65: HANGAR STAGE - Sat 01:00-02:00 | C65: Some MCs rap, others sing - Degs does both with surgical precision. Switching between rapid-fire bars and soulful hooks, he just makes it look effortless. From freestyle heat on Hospital classics to creating summer classics, he's pure fire. | D65: MC / Rap / Vocals
A66: DEKI ALEM | B66: HANGAR STAGE - Wed 20:30-21:30 | C66: Twin brothers from Sweden, Deki Alem are rewriting the rules of alternative music. Fusing drum & bass, grunge, and rap into explosive soundscapes, their live shows are pure adrenaline. From opening for Gorillaz to storming Europe's biggest festivals, they're unstoppable. 🔥 | D66: Hip-Hop / Drum & Bass
A67: DELIRIC X SILENT STRIKE | B67: HANGAR STAGE - Fri 01:05-02:05 | C67: The dream team that elevated Romanian rap to an art form. Deliric spits truth with surgical precision while Silent Strike crafts beats that could score sci-fi films. Together, they're taking the Castle on a journey through Bucharest's concrete jungle and beyond. prepare for lyrical acrobatics over mind-bending production. 🚀 | D67: Hip-Hop
A68: DENY | B68: PING PONG STAGE - Thu 02:00-03:00 | C68: Romanian artist bringing alternative electronic sounds to the Castle. Expect experimental beats with serious attitude. | D68: #N/A
A69: DIANA CĂLDĂRARU | B69: BACKYARD STAGE - Thu 20:30-21:30 | C69: Romania's classical music star with a voice that could shatter glass. Diana Căldăraru blends opera grandeur with pop sensibility, creating a sound that's both majestic and accessible. Her music is like a symphony on a summer evening. 🌟 | D69: Pop / Soul
A70: DIGITALOVE | B70: BOOHA STAGE - Sat 21:00-23:00 | C70: DigitaLove ignites crowds with electrifying sets that blend house, tech house, techno, and disco at festivals like Untold, Electric Castle, Jazz in the Park, and TIFF. | D70: House / Tech House / Techno / Disco
A71: DIMITRI'S BATS | B71: HANGAR STAGE - Sat 15:00-16:00 | C71: Transylvania's own gothic post-punk heroes. Dimitri's Bats channel the spirit of Joy Division and The Cure, with a distinctly Romanian twist. Their brooding melodies and haunting vocals will make even the most jaded hipsters remember why they fell in love with rock. 🦇 | D71: Post-Punk / Garage Rock
A72: DIRTY SHIRT | B72: HANGAR STAGE - Sun 17:00-18:00 | C72: They married metal riffs with folk melodies when everyone said it couldn't work. Now, 30 years later, Dirty Shirt will celebrate at the Castle a legacy of making metal fans dance to traditional flutes. Eastern Europe's wildest experiment turned hardcore-metal and folk instruments into pure party fuel. Three decades strong, still breaking rules 🔥 | D72: Folk Metal / Hardcore
A73: DISKO ANKSYETE (CORINA SUCAROV) | B73: PING PONG STAGE - Wed 00:00-02:00 | C73: Corina Sucarov of +SHE+ fronts Disko Anksyete—a DJ series exploring the beauty in darkness. Her sets weave darkwave, post-punk, new wave, and dark disco into a spellbinding rhythm inspired by New Order, Depeche Mode, Bauhaus, and more. | D73: #N/A
A74: DJ CRISTACHE | B74: PING PONG STAGE - Sun 19:00-20:30 | C74: Alex Cristache lives a double life—lawyer by day, Bucharest's most sought-after elegant nightlife DJ by night. With an impressive vinyl collection, he's shaped atmospheres at Scenario, Casa Mița Biciclista, Summer Well, and Nostalgia. | D74: Elegant Nightlife / Vinyl
A75: DJ DIANA SAR | B75: PING PONG STAGE - Fri 19:00-20:30 | C75: Actress, influencer, and DJ, Diana Sar brings an authentic, high-energy vibe. Her music sets are fresh, dynamic, and perfectly tailored to every type of crowd. | D75: Fresh / Dynamic House
A76: DJ HEFE | B76: PING PONG STAGE - Sat 02:00-04:00 | C76: Hefe (Coma member since 2000) spins alternative punk, ska, and hardcore in Club Fire and beyond, while hosting Guerrilla Radio's Domestika and Blackrhino's Vertigo Cultural—bringing raw energy to every set. | D76: #N/A
A77: DJ MA-TA | B77: PING PONG STAGE - Sun 22:30-00:00 | C77: Romania's mother figure behind the decks—serving straight-to-jail type beats with a signature boldness. | D77: #N/A
A78: DJ OPTIK | B78: HIDEOUT STAGE - Sat 05:00-07:00 | C78: Began in 5th grade throwing parties and building his high-school radio station; from 1996 on Radio 21 Ciuc to Radio 21 Bucharest at age 21, he launched Romania's first electronic show "Obsession," won Nights.ro's Best DJ (2008), later moved "Obsession" to Ibiza Global Radio, and co-founded the Double Trouble project/label with Adrian Eftimie—continuously shaping Romania's electronic legacy. | D78: #N/A
A79: DJ SAUCE | B79: THE BEACH STAGE - Thu 20:00-21:30 | C79: Sauce's style breaks the mold—an eclectic mix spanning old-school hip-hop roots to modern genres. He crafts "old to new" shows that seamlessly traverse styles, thanks to hip-hop's versatility as the "mother genre." | D79: Eclectic Hip-Hop–inspired
A80: DJ SPINNA | B80: THE BEACH STAGE - Wed 21:00-23:00 | C80: DJ Spinna's been rocking parties since cassettes were king, blending hip-hop, house, and soul into pure sonic gold. His crates run deeper than the Mariana Trench, from rare groove gems to futuristic beats. With remixes for everyone from De La Soul to Mary J. Blige, DJ Spinna's here to school Transylvania in the art of groove. 🎧 | D80: Hip-Hop / House / Soul
A81: DJ TENNIS | B81: BOOHA STAGE - Sun 00:30-02:30 | C81: The guy who swapped tennis courts for turntables and never looked back. From booking the legends to becoming one himself. His sound? Life and Death in musical form - melancholy and euphoria wrapped in Italian passion. Like a late-night road trip with no map. 🎾 | D81: House / Techno
A82: DODO | B82: THE BEACH STAGE - Sat 04:00-06:00 | C82: Dodo is a dynamic and multifaceted force in the music scene, recognized as a DJ, promoter, event organizer, founder of the Make Music Not War music production school in Romania, and booking manager. Since launching his sonic journey in 2010, Dodo has carved out a distinct niche, blending his passion for performance with a flair for curating unforgettable experiences for music lovers. | D82: Multi-genre / Promoter
A83: DORA GAITANOVICI | B83: HANGAR STAGE - Sun 15:25-16:20 | C83: Dora Gaitanovici leads Romania's new alt-rock wave with zero apologies. From Eurovision stages to packed festivals, her band mixes folk roots with modern rock punch. One show is all it takes - Pure electricity. | D83: Alt-Rock / Folk-Pop
A84: DOV'È LIANA | B84: BACKYARD STAGE - Sun 23:00-00:00 | C84: Three French rebels cooking up bilingual bangers and throwing the most liberating parties in Europe. Their mission? Make people dance like nobody's watching. Dov'è Liana crashed Milan's coolest clubs with zero filters. Now they're mixing French touch with Italian heat, 40 sold-out shows say they're onto something special. | D84: #N/A
A85: DU MAD | B85: BOOHA STAGE - Sat 23:00-00:30 | C85: "Too weird to live / too rare to die." An elusive project that defies easy classification—an experimental journey through sound and rhythm. | D85: Experimental / Avant-Garde
A86: DUB PISTOLS | B86: HANGAR STAGE - Fri 23:35-00:35 | C86: The hardest working rebels in showbiz turned acid house dreams into a genre-crushing legacy. Started in '96 with a riot, still causing beautiful chaos today. Barry Ashworth and his band of musical misfits blend breakbeats, ska, and pure chaos into festival gold. No rules, just vibes ⚡️ | D86: Breakbeat / Ska / Acid House
A87: DUBASE | B87: THE BEACH STAGE - Sat 16:00-18:00 | C87: Since 1997 in Cluj under CRS and the first Romanian electronic festival De la Hoya, Dubase has been a promoter, digger, and live film-scorer (TIFF). He curates Roots stage at Electric Castle for reggae/dub/jungle and spotlighted exotic "world" music. His jungle mixtapes first aired on Cluj FM's "Welcome to the Club," and he's stayed militant for jungle through its resurgence to 2025. | D87: Jungle / Dub / Reggae / Roots
A88: DWLS B2B MEMPHYS + BLOCKSBERG & DEGS | B88: BOOHA STAGE - Sat 18:00-19:00 | C88: Cluj-Napoca's DWLS has DJed DnB for over 15 years—his sets traverse deep, liquid, and heavy rollers. Founder of Quite Lucky promotion (2022), he's dedicated to uplifting the local DnB community. // Memphys brings expert DnB mixing while vocalist Blocksberg adds mesmerizing vocals—together crafting a captivating fusion of sound and energy for an exhilarating journey. // Some MCs rap, others sing - Degs does both with surgical precision. Switching between rapid-fire bars and soulful hooks, he just makes it look effortless. From freestyle heat on Hospital classics to creating summer classics, he's pure fire. | D88: #N/A
A89: EDIP B2B KOV | B89: BOOHA STAGE - Sat 06:30-08:00 | C89: Romanian electronic duo bringing collaborative energy. Expect house and techno mixed with precision and passion. | D89: #N/A
A90: ELEEZ | B90: HIDEOUT STAGE - Wed 20:30-22:30 | C90: Eleez's journey began over a decade ago with melodic techno and progressive. After a 2022 DJ course, she joined The Mindkickers collective, co-creating high-energy parties. Her ecstatic, immersive sets channel deep passion and deliver powerful, authentic experiences. | D90: Melodic Techno / Progressive
A91: ELIA NAFZGER | B91: STABLES STAGE - Fri 22:00-01:00 | C91: Rooted in London's cultural crossroads and now based in Bucharest, Elia Nafzger brings a deeply personal energy to the decks. She has played venues like Fabric and Guesthouse and cities including Miami, New York, and Berlin—blending carefully selected records to elevate the room's energy. A devoted record digger, Elia crafts narrative-driven sets bridging past, present, and future through groove, texture, and intention. | D91: House / Deep House / Nu-Disco
A92: EMILY MAKIS | B92: BOOHA STAGE - Sat 19:00-19:45 | C92: Rising star in the liquid DnB scene, Emily Makis crafts ethereal soundscapes that float between dreamy atmospherics and driving rhythms. Her productions balance emotional depth with dancefloor energy, proving that bass music can move both hearts and feet. | D92: Drum & Bass / Vocalist
A93: ENASESCU | B93: PING PONG STAGE - Thu 00:30-02:00 | C93: "One of the pioneers of Hip-Hop & R&B parties in Bucharest, Enășescu brings an explosive set to Radio Stage—blending rap, R&B, reggae, and funk for an unforgettable urban experience." | D93: #N/A
A94: ENEVEL | B94: BOOHA STAGE - Sun 14:00-15:30 | C94: With roots in Sibiu's rave scene, Enevel launched the Bass Trap Mix series in 2013, pioneering trap music in Romania. From house and minimal beginnings to dubstep and trap, he's played clubs and festivals nationwide—continuously refining his own dedicated sound. | D94: Trap / Bass
A95: ESAUNUE & XAKIS | B95: THE BEACH STAGE - Sun 13:00-14:00 | C95: This duo discovered an alchemical formula to bridge genres and generations—crafting sets that surprise with unexpected connections across electronic styles. | D95: #N/A
A96: ETY | B96: HIDEOUT STAGE - Thu 16:00-18:00 | C96: Meet eTy, whose mixes and auditory journeys evoke powerful emotions, transporting you to a space where anything is possible. Music is our escape. | D96: Eclectic / Experimental
A97: EVE + POL | B97: BOOHA STAGE - Wed 22:30-00:00 (live) | C97: EVE+POL is Romania's first live techno duo (f. 2024) founded by vocalist Evelina Negru and composer/producer Paul Ilea. They fuse improvisation, modular synths, drum machines, and raw vocals for an electrifying, ever-evolving performance. Blending dub techno, tech house, DnB, broken beat, and experimental electro, each real-time show is unique. Their single "PROMISE" delivers raw energy alongside an avant-garde video. | D97: #N/A
A98: FARSIGHT | B98: BOOHA STAGE - Sat 12:00-14:00 (GLO Contest Winner) | C98: Local electronic talent ready to showcase Romania's underground scene. Expect deep house and techno that transcends. | D98: #N/A
A99: FISH56OCTAGON | B99: HANGAR STAGE - Wed 01:15-03:00 | C99: The DJ who made rave culture go viral. Armed with vinyl, humor, and infectious energy, he's here to turn the Castle into a dancefloor revolution. 🔥 | D99: Various
A100: FLAVA D + PVC | B100: BOOHA STAGE - Fri 18:00-19:30 | C100: UK garage legend meets Hospital Records precision. FLAVA D's been shaping the UK bass scene for over a decade, while PVC brings that technical drum & bass expertise. When garage royalty collaborates with DnB mastery, expect something special. This is UK bass culture at its finest. | D100: #N/A
...

Sheet Sheet3
A1: Artist Name | B1: Time and place | C1: Description | D1: Genre
A2: &FRIENDS | B2: HIDEOUT STAGE - Thu 02:00-04:00 | C2: From San Diego dreams to Dubai nights, &friends turns global culture into pure dance floor magic. When Black Coffee and Diplo support your sound and Sofi Tukker wants your remixes, you know it's more than just music - it's movement. This worldwide party starter caught Coachella's ear and got 20 million streams by bringing cultures together on the dance floor. No passport needed. | D2: =VLOOKUP(A2, Sheet2!A:B, 2, FALSE) -> Global Bass / House / World
A3: ¥ØU$UK€ ¥UK1MAT$U | B3: BOOHA STAGE - Wed 00:00-02:00 | C3: This is where the vampires will headbang. After fighting brain cancer, Yousuke Yukimatsu reinvented himself as Japan's most fearless genre-bender. Shirtless and drenched in sweat, his sets are raw, emotional, and unpredictable—mixing gabber, trap, techno, and soul into sonic chaos that feels like life itself. This is more than a show; it's a testament to resilience. 🇯🇵 | D3: =VLOOKUP(A3, Sheet2!A:B, 2, FALSE) -> #N/A
A4: 30 CENTURY MAN | B4: BACKYARD STAGE - Fri 21:15-22:15 | C4: The enigmatic producer crafting tomorrow's sound today. 30 CENTURY MAN operates in the space between experimental and dancefloor-ready, creating futuristic compositions that feel both alien and familiar. His rare live appearances are events in themselves. | D4: =VLOOKUP(A4, Sheet2!A:B, 2, FALSE) -> #N/A
A5: ABASC | B5: PING PONG STAGE - Wed 22:30-00:00 | C5: Local talent ready to deliver underground electronic energy. Get ready for hypnotic beats and driving rhythms. | D5: =VLOOKUP(A5, Sheet2!A:B, 2, FALSE) -> #N/A
A6: AFTERMATH | B6: HIDEOUT STAGE - Sun 20:00-21:30 | C6: Rooted in Romania's rich musical heritage, AFTERMATH channels Afro house's fresh energy. Born to move souls and fill dancefloors, they've opened for Shimza, Jamiie, and Awen—sharing stages and making crowds lose themselves to the rhythm. | D6: =VLOOKUP(A6, Sheet2!A:B, 2, FALSE) -> Afro House
A7: AKOS | B7: HIDEOUT STAGE - Fri 20:00-22:00 | C7: Akos fell in love with electronic sounds in 2005. He views music as energy, love, and inspiration. His style focuses on deep house, house, and techno—moving crowds with soulful, driving grooves. | D7: =VLOOKUP(A7, Sheet2!A:B, 2, FALSE) -> Deep House / House / Techno
A8: ALDARIS | B8: THE BEACH STAGE - Thu 18:00-20:00 | C8: Legend says he's still searching for the perfect groove—record by record, wax story by wax story. Wherever his journey ends, Aldaris has plenty of vinyl adventures to share. Join him. | D8: =VLOOKUP(A8, Sheet2!A:B, 2, FALSE) -> Vinyl Explorer / Deep Grooves
A9: ALEX SUPER BEATS | B9: MAIN STAGE - Sun 22:30-00:00 | C9: From Cluj-Napoca to the world, Alex Super Beats (formerly DJ Shiver) has been a driving force in Romania's electronic music scene. With a career spanning over a decade, he's shared stages with global icons and launched his own imprint to push boundaries in electronic music. Expect nothing less than an electrifying journey when he takes over the Castle stage. 🔥 | D9: =VLOOKUP(A9, Sheet2!A:B, 2, FALSE) -> #N/A
A10: ALI | B10: BACKYARD STAGE - Sat 00:05-01:05 | C10: Ever heard Arabic lyrics over Indonesian funk? Ali's cooking up something wild in Jakarta - '70s rock riffs meet Middle Eastern soul, all wrapped in Southeast Asian groove. Three guys turning centuries of cultural fusion into fresh dance floor heat. | D10: =VLOOKUP(A10, Sheet2!A:B, 2, FALSE) -> Indonesian Funk / Arabic Rock
A11: ÂME | B11: BOOHA STAGE - Thu 02:00-05:00 | C11: This is electronic music's front line. 20 years ago, Âme decided club music needed more soul and started pushing the boundaries ever since. Today, whether it's Frank's live playing or Kristian's surgical mixing, Âme don't just read dancefloors - they redesign them. Get ready for a legendary performance⚡️ | D11: =VLOOKUP(A11, Sheet2!A:B, 2, FALSE) -> #N/A
A12: ANAÏS B2B HOAX + PVC | B12: HANGAR STAGE - Sat 03:00-04:00 | C12: Fresh out the gate in Bristol, Anaïs already has Glastonbury, Boomtown, and Rampage eating from her palm. Her secret weapon? Raw jungle energy meets surgical precision behind the decks. Catch her before she outgrows those underground bunkers for festival main stages. // When Hoax drops a tune, even the underground veterans stop and listen. Piano skills meet bass addiction in this Bristol lab rat's productions. Pure dance floor science. | D12: =VLOOKUP(A12, Sheet2!A:B, 2, FALSE) -> #N/A
A13: ANDI MOISESCU | B13: PING PONG STAGE - Fri 22:30-00:00 | C13: Description not available | D13: =VLOOKUP(A13, Sheet2!A:B, 2, FALSE) -> #N/A
... A251: ZO | B251: BOOHA STAGE - Sat 14:00-16:00 | C251: Cluj-based promoter-turned-DJ ZO has pushed the local bass scene for seven years, booking acts like Loefah and Commodo. His dancefloor-oriented sets span hip-hop, dub, UK garage, and DnB, always delivering top-notch selection. | D251: =VLOOKUP(A251, Sheet2!A:B, 2, FALSE) -> Hip-Hop / Dub / UK Garage / Drum & Bass

Sheet Sheet2
A1: Artist | B1: Genre(s) | C1: Schedule | D1: Description
A2: &Friends | B2: Global Bass / House / World | C2: Thursday, July 17 @ HIDEOUT STAGE by #unlockwonder | D2: From San Diego dreams to Dubai nights, &friends turns global culture into pure dance floor magic. When Black Coffee and Diplo support your sound and Sofi Tukker wants your remixes, you know it's more than just music - it's movement. This worldwide party starter caught Coachella's ear and got 20 million streams by bringing cultures together on the dance floor. No passport needed.
A3: ¥ØU | B3: Experimental / Techno | C3: Wednesday, July 16 @ BOOHA STAGE by glo | D3: Hey, I'm not up to date with too much about them, check the app to see what they're all about.
A4: AFTERMATH | B4: Afro House | C4: Thursday, July 17 @ HIDEOUT STAGE by #unlockwonder | D4: Rooted in Romania’s rich musical heritage, AFTERMATH channels Afro house’s fresh energy... they’ve opened for Shimza, Jamiie, and Awen—sharing stages and making crowds lose themselves to the rhythm.
A5: Akos | B5: Deep House / House / Techno | C5: Friday, July 18 @ HIDEOUT STAGE by #unlockwonder | D5: Akos fell in love with electronic sounds in 2005. He views music as energy, love, and inspiration. His style focuses on deep house, house, and techno—moving crowds with soulful, driving grooves.
A6: ALDARIS | B6: Vinyl Explorer / Deep Grooves | C6: Thursday, July 17 @ THE BEACH STAGE | D6: Legend says he’s still searching for the perfect groove—record by record, wax story by wax story. Wherever his journey ends, Aldaris has plenty of vinyl adventures to share. Join him.
A7: ALI | B7: Indonesian Funk / Arabic Rock | C7: Saturday, July 19 @ BACKYARD STAGE by MobilaDalin | D7: Ever heard Arabic lyrics over Indonesian funk? Ali's cooking up something wild in Jakarta - '70s rock riffs meet Middle Eastern soul, all wrapped in Southeast Asian groove. Three guys turning centuries of cultural fusion into fresh dance floor heat.
A8: Âme DJ Set | B8: Deep House / Techno | C8: Thursday, July 17 @ BOOHA STAGE by glo | D8: Electronic music's front line: 20 years of breathing soul into club music. Whether Frank’s live or Kristian’s surgical mixing, Âme redesign dancefloors. Get ready for legend status. ⚡️
A9: Anaïs | B9: Jungle / Breakbeat / Bass | C9: Saturday, July 19 @ HANGAR STAGE by Banca Transilvania | D9: Fresh from Bristol: Anaïs’s raw jungle energy and surgical precision launched her to Glastonbury, Boomtown, and Rampage. Catch her before she outgrows the underground.
A10: ANDRA ANDRIUCĂ | B10: Pop / Folk | C10: Sunday, July 20 @ BACKYARD STAGE by MobilaDalin | D10: Hey, I'm not up to date with too much about her, check the app to see what she's all about.
A11: Andrei Ciubuc | B11: Minimal / Techno | C11: Schedule and stage not available. | D11: Andrei Ciubuc is one of the artists belonging to the new wave of Romanian underground minimal producers and DJs. Passionate since childhood, he developed a special relationship with music—starting analog on violin before expanding to guitar and bass guitar. Assisted by his experience as a sound engineer, he created his own label “Draganenii,” imprinting a unique, easily recognizable style of versatility at every opportunity. Andrei is part of the trio “Backstage Boys” alongside Dan Andrei and Kozo, as well as the collaborative duos “VRAC” with Vlad Radu and “A_R” with Rhadoo.
A12: Andrei Lacatuș (Shurubel) | B12: Funky House | C12: Sunday, July 20 @ HIDEOUT STAGE by #unlockwonder | D12: I was a radio DJ for 10 years and a resident DJ for 5 years in a wild Bucharest student club—throwing house, dubstep, DnB, and heavy tracks from 10 PM to 7 AM. Now I gently place smooth funky house rhythms into the minds and bodies of the crowd. Don’t shy away!
... A235: ZO | B235: Hip-Hop / Dub / UK Garage / Drum & Bass | C235: Saturday, July 19 @ BOOHA STAGE by glo | D235: Cluj-based promoter-turned-DJ ZO has pushed the local bass scene for seven years, booking acts like Loefah and Commodo. His dancefloor-oriented sets span hip-hop, dub, UK garage, and DnB, always delivering top-notch selection.
